ID,Fname,Lname,age,gender,nationality,experience,matches,wins,losses,awards,position,height,weight,number,COACH_ID
1,Frazer,Whitefoot,100,Male,MX,3,410,39,371,6,PF,210,66,19,14722
2,Kristi,Cresser,44,Female,CN,20,457,159,298,7,PG,185,78,20,2354
3,Pavia,Kubes,25,Female,BR,14,860,436,424,3,SF,202,79,35,19248
4,Eddi,Dikes,40,Genderqueer,JP,4,443,398,45,3,PG,196,77,24,10683
5,Pat,Kinworthy,52,Male,US,25,547,131,416,5,SG,207,60,3,9561
6,Martica,Liddiatt,53,Female,GR,13,473,377,96,7,SG,194,73,5,10963
7,Phip,Rowntree,48,Male,ID,1,687,258,429,9,SF,187,78,36,7061
8,Windham,Trollope,87,Male,HU,2,704,229,475,4,PG,195,82,37,6768
9,Rudyard,Keyden,49,Male,PH,34,840,499,341,6,PG,189,67,29,7717
10,Arvie,Euels,29,Male,CN,19,213,209,4,1,PF,192,65,11,14611
11,Alan,Dillway,96,Agender,PH,15,736,364,372,2,SG,189,69,36,6916
12,Robbie,Skurm,85,Female,PH,7,849,471,378,5,PG,192,78,8,7079
13,Sigvard,Gladdin,98,Male,ID,34,467,425,42,3,SG,201,62,28,4323
14,Sherie,Lefridge,87,Female,PL,10,413,367,46,4,SF,206,62,34,1066
15,Lorianne,Godball,37,Female,PH,34,642,341,301,9,C,188,84,15,4602
16,Tracie,Voden,96,Male,CN,32,847,492,355,6,SG,201,85,36,2343
17,Nananne,Boyde,94,Female,PL,37,559,174,385,5,C,186,87,27,19386
18,Coleman,Sheppey,29,Male,UA,38,159,28,131,6,SG,187,67,19,19894
19,Lyda,Blewis,72,Female,RU,35,570,367,203,7,PG,191,68,22,17261
20,Berti,Tansill,71,Male,CN,39,593,356,237,7,SG,204,65,28,6659
21,Eleni,Toyne,38,Female,CN,3,469,21,448,7,C,205,72,35,9638
22,Yolanda,Shale,26,Female,RU,15,373,181,192,5,SG,203,66,31,2905
23,Bobine,Toll,68,Female,LU,16,667,371,296,2,PF,197,82,15,223
24,Nikki,Conquest,71,Female,PH,15,141,133,8,1,PG,202,87,2,2292
25,Burg,Cranmore,40,Agender,PL,36,562,404,158,6,PG,202,88,4,9822
26,Valaria,Gateman,30,Genderqueer,MX,27,541,55,486,7,SG,208,80,16,15873
27,Phelia,Ebden,57,Genderqueer,CO,28,505,276,229,10,SG,209,78,4,13201
28,Brittany,Fuggles,37,Female,UA,18,710,482,228,5,SF,197,90,26,8893
29,Birk,Grodden,48,Male,ID,26,549,393,156,2,SG,194,80,37,6326
30,Aubry,Shewery,24,Female,CN,25,517,99,418,7,SF,194,68,5,7557
31,Karoline,Winser,39,Female,ID,3,789,371,418,8,SF,185,72,27,8839
32,Ashleigh,Whisby,70,Female,PL,38,434,199,235,5,C,186,62,38,8186
33,Leonerd,Rime,22,Male,ZM,35,678,429,249,7,PG,189,82,39,16839
34,Karina,Holdey,83,Female,BO,13,690,446,244,4,SF,204,70,16,17254
35,Barby,Olrenshaw,95,Female,BR,6,104,89,15,10,SG,202,79,12,3067
36,Reagan,Alberts,98,Male,ID,8,613,131,482,10,SG,188,77,35,19177
37,Barthel,Rielly,94,Male,BW,4,578,221,357,6,C,198,83,25,19397
38,Jard,Spolton,22,Male,CA,16,548,341,207,9,SF,189,71,16,13437
39,Hunfredo,Fries,57,Male,ID,35,541,234,307,1,SF,201,64,36,4578
40,Ned,Cranke,63,Male,MX,6,532,189,343,8,SF,196,67,14,9520
41,Derrek,Muffett,82,Male,MN,3,360,217,143,6,SF,193,76,26,8203
42,Melanie,MacTimpany,95,Agender,ID,20,420,228,192,7,SF,189,72,16,11219
43,Clemens,Saltmarsh,72,Male,PH,36,245,28,217,1,PG,192,62,40,4843
44,Chloris,Fleckney,26,Polygender,SE,27,61,1,60,10,SG,187,89,39,8190
45,Erinn,Readwing,86,Female,GF,22,410,350,60,2,PG,210,65,25,16309
46,Anabel,Zealey,56,Female,ID,40,419,41,378,2,SF,195,84,13,16783
47,Idette,Dodgshon,71,Female,EG,11,877,380,497,7,SG,188,66,28,19079
48,Lionel,Ingraham,81,Male,ZM,29,327,258,69,5,SF,196,66,26,7380
49,Candida,Chomley,55,Female,RU,4,628,207,421,8,PG,200,88,26,4841
50,Damiano,Matejic,58,Male,RU,20,411,104,307,10,PG,207,79,20,4950
51,Eldon,Sumers,36,Male,RU,29,627,255,372,5,C,195,83,11,11948
52,Ariel,Sheeres,21,Male,CN,6,670,275,395,6,PF,207,70,12,9966
53,Orazio,Crosher,48,Male,ID,21,695,357,338,10,SF,196,67,2,19792
54,Ruy,Salatino,88,Genderfluid,CN,25,365,170,195,7,PF,190,68,23,10037
55,Barnabas,Tillerton,98,Male,CN,6,721,250,471,2,PG,193,79,29,4344
56,Faber,Brunotti,96,Male,WS,20,202,129,73,7,SG,188,75,18,1435
57,Becka,Spikings,41,Female,PT,9,405,146,259,2,PF,202,81,11,2711
58,Elfie,Brockherst,99,Agender,CO,25,716,476,240,5,PF,198,88,39,16714
59,Tori,Lesly,34,Female,CN,33,397,344,53,3,SF,203,60,8,14734
60,Fallon,Bessom,60,Female,ID,14,733,406,327,10,C,202,84,9,226
61,Brunhilde,Mosdill,96,Female,RU,28,589,116,473,2,SG,185,78,36,14816
62,Hesther,Gladdish,68,Female,CN,30,612,124,488,10,PG,208,70,20,5837
63,Almira,Lowdiane,27,Female,CA,20,379,166,213,2,SG,201,84,31,18395
64,Ewen,Dreossi,21,Male,CN,38,464,128,336,10,PG,187,61,26,6796
65,Margarethe,Gulvin,48,Female,CN,34,172,150,22,3,C,188,78,31,13127
66,Kathlin,Bestwerthick,97,Female,RU,9,215,58,157,2,C,210,64,28,4795
67,Douglas,Kolakowski,68,Male,TH,7,524,54,470,5,PF,201,74,40,11745
68,Norma,Libby,21,Female,CA,30,356,217,139,2,SG,191,74,21,18371
69,Tyler,Menary,36,Male,CN,18,347,53,294,9,PF,192,63,38,5513
70,Florella,Tartt,30,Female,ID,7,672,468,204,2,PG,200,63,33,13394
71,Penn,Kincade,44,Male,CN,19,358,69,289,8,PF,188,88,36,689
72,Alon,Warin,39,Male,CN,13,703,266,437,6,SG,207,78,17,6553
73,Rowe,Somerton,40,Female,PH,21,940,448,492,7,C,202,66,9,19207
74,Filbert,Kerwen,28,Male,VN,15,768,370,398,5,PF,192,61,16,16923
75,Faulkner,Playdon,36,Male,US,13,875,386,489,8,SG,206,86,17,16397
76,Nehemiah,Showte,37,Genderqueer,US,12,685,416,269,7,C,207,77,30,997
77,Damon,Frame,80,Male,CN,15,925,465,460,1,SG,201,88,2,9832
78,Iorgo,Henriquet,62,Male,BA,19,258,137,121,3,SF,186,71,11,6407
79,Heinrick,Lombardo,95,Male,PL,37,362,176,186,2,PF,190,72,23,3907
80,Dede,Brenton,70,Female,RU,33,675,242,433,4,SF,208,89,30,13774
81,Chandler,Denmead,27,Male,ID,16,521,150,371,4,SF,194,60,17,17784
82,Adriana,Delort,87,Female,FR,38,328,104,224,6,SF,191,62,18,3215
83,Scarlet,Moorman,44,Female,FR,31,264,100,164,6,SG,207,71,3,7675
84,Ladonna,Hauxley,59,Female,UA,13,323,101,222,1,SG,189,62,26,11836
85,Estella,Geikie,30,Female,UG,23,512,405,107,3,PG,198,66,26,4286
86,Thomasine,Reeks,77,Female,CN,40,292,190,102,9,PF,192,80,19,11012
87,Biddie,Nicholas,28,Genderqueer,PT,25,153,1,152,8,PG,199,84,9,2340
88,Goran,Jorden,43,Male,SE,32,424,292,132,2,SF,207,78,27,8344
89,Cindelyn,Copcott,87,Female,CN,33,741,465,276,3,SG,198,66,26,15242
90,Dianemarie,Pomfrey,36,Female,AZ,32,442,377,65,6,PG,196,76,35,12807
91,Juliette,Slowgrave,68,Female,RU,13,174,161,13,2,C,200,69,34,11345
92,Bryna,Crowe,72,Genderqueer,GR,19,40,30,10,6,SF,192,62,17,12260
93,Larry,Fullylove,28,Male,LU,39,458,325,133,2,PF,186,75,23,15914
94,Frasquito,Geldard,94,Male,PH,39,605,376,229,9,SF,208,69,2,18436
95,Brenna,Mulligan,97,Female,PL,35,665,436,229,2,PF,194,78,6,14077
96,Angele,Rafferty,29,Female,DK,30,516,20,496,6,SG,192,73,17,5670
97,Doreen,Pichmann,40,Female,CO,9,449,293,156,8,SG,188,73,25,9284
98,Stormy,Udall,71,Female,CN,21,727,398,329,8,SG,187,83,8,18584
99,Rafaello,Kulic,84,Male,CN,14,340,214,126,4,PG,197,76,31,16330
100,Adelbert,Paoloni,65,Male,SE,26,358,107,251,2,PF,200,71,30,14144
101,Andie,Docharty,39,Female,LU,16,650,218,432,9,PG,202,86,31,17627
102,Dallas,Faltin,66,Male,CN,7,394,316,78,5,C,185,80,1,13897
103,Casi,Simonitto,56,Polygender,PL,30,564,160,404,6,SG,206,68,15,15212
104,Geralda,Breslauer,80,Bigender,JP,11,350,54,296,9,SG,202,77,31,12737
105,Ermin,Esby,73,Male,PH,10,680,275,405,6,PG,207,71,27,13283
106,Ezmeralda,Selland,61,Female,ID,35,702,324,378,9,SF,189,71,38,19789
107,Quinton,Genike,48,Male,RU,29,121,42,79,10,SG,206,87,12,10324
108,Malinde,Pollett,26,Female,RU,11,559,60,499,3,SF,195,79,12,3295
109,Gale,Tingey,27,Female,NR,24,550,457,93,2,SG,205,82,20,18675
110,Kalindi,Debrett,66,Genderqueer,AF,29,726,264,462,8,C,189,60,36,351
111,Lorne,Bensusan,50,Female,CN,18,151,43,108,9,SF,198,88,40,3402
112,Sonja,Leahair,53,Female,RU,24,679,214,465,6,PG,203,60,27,5460
113,Marcelle,Piddlehinton,71,Genderqueer,PT,1,710,460,250,5,PG,202,82,30,11623
114,Cordy,Rodie,78,Female,ID,35,181,98,83,7,SF,200,83,3,18002
115,Nady,Stretton,40,Female,JP,7,317,45,272,8,PG,189,75,13,15063
116,Tallie,Henrichsen,90,Male,CN,26,610,273,337,4,SG,192,69,15,5067
117,Darice,Bankhurst,66,Female,BY,34,897,410,487,4,PG,202,60,21,9338
118,Oliy,Sarjent,41,Female,FR,15,764,275,489,7,PF,204,64,4,13108
119,Kirbee,Hawkeridge,21,Female,VN,31,225,1,224,9,SF,197,63,37,11507
120,Bald,Plester,97,Male,CZ,34,758,298,460,4,C,189,60,29,16352
121,Cody,Audrey,96,Male,CN,24,377,297,80,3,PF,208,82,9,5597
122,Warner,Wetter,67,Male,CN,6,615,435,180,9,C,204,67,16,5235
123,Nicko,Triner,38,Male,RU,9,714,306,408,1,C,208,75,23,990
124,Dollie,Yarmouth,69,Polygender,PH,23,728,256,472,2,PF,186,79,15,17670
125,Em,Ridel,82,Male,TH,37,431,273,158,7,C,185,75,17,13620
126,Leigh,McLorinan,30,Male,FR,35,424,131,293,1,SF,203,61,1,18892
127,Krysta,Bertomieu,89,Female,OM,12,699,467,232,6,SF,192,73,39,11200
128,Erma,Boutflour,39,Female,PL,40,445,188,257,4,SF,208,70,15,13817
129,Ervin,Goldney,29,Male,BF,8,466,301,165,7,C,206,65,19,3622
130,Morganica,Crenshaw,39,Female,SE,29,547,497,50,4,C,196,70,35,6129
131,Andrei,Di Matteo,28,Female,PH,35,468,153,315,3,PG,198,86,8,16000
132,Lilly,Olczyk,86,Female,RU,12,569,142,427,4,SF,198,74,26,6913
133,Glynis,Trathan,55,Non-binary,PL,28,799,402,397,10,C,188,69,30,3375
134,Jayme,Eagling,84,Male,CO,13,673,288,385,7,PF,195,81,1,2857
135,Sylvia,Dedman,64,Female,CA,27,322,219,103,8,PG,207,84,13,4251
136,Leif,Dowzell,100,Male,PH,6,614,496,118,1,PG,188,72,21,628
137,Zilvia,Moakes,78,Female,TH,22,672,389,283,10,PF,196,69,37,15579
138,Clement,Garrick,93,Male,FR,11,180,125,55,6,SG,210,62,3,18845
139,Sioux,Quinnelly,78,Polygender,ML,35,131,19,112,7,PG,195,65,39,3338
140,Valerie,Petyanin,67,Female,FR,29,516,273,243,7,SG,190,75,29,17317
141,Carole,Leaburn,85,Female,BA,21,455,4,451,1,SF,209,81,31,19965
142,Ivett,Karpychev,83,Female,PL,15,524,482,42,3,PG,193,87,9,19683
143,Roxana,Edger,96,Genderfluid,CN,9,373,299,74,10,PG,210,80,28,13095
144,Rad,Shiers,87,Male,CN,4,684,263,421,8,SG,191,66,35,14563
145,Nikolas,Clemenzi,52,Male,ID,33,503,254,249,8,SF,187,85,30,3090
146,Alphonse,Melbourn,51,Male,RU,30,547,179,368,2,SF,194,89,33,18723
147,Warren,Josilowski,50,Male,ID,33,417,212,205,1,SG,187,74,14,6854
148,Lib,Lorriman,42,Female,BR,13,387,238,149,2,C,207,87,34,17421
149,Godfry,Culver,23,Male,NG,3,358,51,307,5,PG,204,71,20,10118
150,Dulcie,Flobert,36,Female,PK,8,321,264,57,10,PF,208,79,10,2259
151,Lishe,Heinl,87,Female,OM,7,446,179,267,9,PG,188,65,22,13652
152,Albert,O' Flaherty,85,Male,ID,27,309,20,289,2,PG,208,69,39,12857
153,Elle,Beautyman,86,Female,RU,31,348,342,6,2,SG,188,78,24,1786
154,Nettie,Brealey,65,Female,CN,32,475,332,143,10,PF,188,90,27,4191
155,Ambur,Tarbet,47,Female,PE,11,458,123,335,6,SG,205,72,33,983
156,Susan,Cuncarr,33,Female,PE,25,253,153,100,10,PF,204,72,15,11122
157,Gregoor,Salt,86,Male,ID,29,511,116,395,5,C,205,84,19,3370
158,Casar,Carwardine,28,Male,RU,18,556,269,287,6,C,188,66,17,8368
159,Rance,Alexsandrov,73,Male,NG,24,429,112,317,3,C,199,86,3,485
160,Vitoria,Ritmeier,98,Polygender,CN,21,725,444,281,6,SF,187,83,39,5656
161,Dodi,Connew,99,Female,IE,4,492,175,317,8,SG,187,76,9,11832
162,Devon,Sahlstrom,96,Female,ID,12,487,161,326,9,SG,193,84,35,5984
163,Dre,Gillie,83,Female,RU,13,853,413,440,10,PF,198,77,23,5711
164,Cherish,Pressnell,59,Female,CN,8,315,276,39,9,C,201,69,10,6263
165,Sloane,Suggett,72,Male,IR,28,640,249,391,1,C,203,65,33,1461
166,El,Telfer,29,Male,CN,11,147,121,26,8,PG,191,69,22,7572
167,Ada,Zoellner,77,Female,FR,10,50,34,16,8,PG,190,65,5,9349
168,Conant,Pasfield,25,Genderqueer,ID,11,818,372,446,3,SG,203,86,38,8105
169,Flemming,Estable,20,Agender,CO,28,332,73,259,2,SG,196,73,31,456
170,Eziechiele,McCue,63,Male,PT,24,827,417,410,1,SG,187,72,30,5343
171,Paten,Crocumbe,32,Male,SE,28,351,31,320,5,PG,193,72,31,2319
172,Mariel,Chitham,64,Female,CN,14,530,166,364,9,C,188,61,10,13081
173,Luciana,McIlwrick,96,Female,PE,11,623,394,229,8,C,185,65,29,8596
174,Quintus,Minghella,52,Male,ET,40,948,476,472,1,PF,198,70,18,2151
175,Stu,Iskowicz,65,Male,NL,18,789,351,438,9,PG,209,81,37,3921
176,Colleen,Whisker,78,Female,CN,12,763,427,336,6,C,194,65,36,15357
177,Langsdon,Tuffley,27,Male,ID,24,851,354,497,10,C,188,64,28,7352
178,Herrick,Fishburn,95,Genderfluid,ZM,13,830,364,466,7,PG,206,75,27,14052
179,Timothea,Leftley,25,Female,ID,9,370,220,150,3,SG,192,66,37,4294
180,Reagen,Hayen,73,Male,US,23,634,203,431,7,PF,188,71,18,18782
181,Allissa,Rothera,79,Female,CA,30,518,262,256,1,PG,198,83,28,8553
182,Geoffry,Britt,87,Male,CN,17,66,53,13,1,C,187,75,40,817
183,Sarah,Aldiss,77,Female,PL,11,540,148,392,4,SG,190,72,26,5828
184,Cele,Showte,55,Female,US,40,745,436,309,3,SG,210,61,6,14443
185,Letty,Malenoir,87,Female,US,4,519,191,328,8,SF,201,86,27,7857
186,Deane,Jermey,60,Female,CA,15,499,236,263,9,C,188,82,26,18527
187,Hiram,O'Skehan,56,Male,PH,9,258,202,56,6,PF,198,61,38,3509
188,Karolina,Mazin,58,Female,VE,18,526,469,57,5,PF,205,70,31,15338
189,Buddie,Ewan,73,Male,AR,1,523,122,401,7,PF,205,74,28,12474
190,Katine,Peetermann,21,Female,RU,6,379,240,139,6,PF,187,70,31,5932
191,Tamarra,Shilito,88,Female,PA,16,375,118,257,7,SG,188,70,40,9204
192,Lenore,Rosekilly,34,Female,PE,12,498,18,480,3,C,203,74,28,8208
193,Melany,Rome,50,Female,RU,31,244,103,141,10,SG,208,72,32,450
194,Melli,Wotton,94,Female,BR,2,655,239,416,6,SF,190,62,5,18123
195,Ginni,Lantuff,43,Female,TN,34,702,378,324,10,SG,203,88,22,11554
196,Christy,Shiels,94,Male,RU,7,749,271,478,9,PF,200,77,38,9999
197,Burg,Dodsley,80,Male,YE,27,80,47,33,9,SF,185,67,9,10233
198,Egor,Nary,65,Male,TZ,10,128,115,13,3,SG,191,71,39,9154
199,Giavani,Rembrant,25,Male,FR,40,859,362,497,1,C,197,89,7,7121
200,Keene,Sabie,31,Male,PL,33,590,122,468,7,C,189,75,20,130
201,Tildy,Ruston,97,Female,CN,22,441,126,315,10,C,198,85,2,9242
202,Ashil,Buckett,92,Female,JP,11,674,345,329,10,SF,186,80,1,6918
203,Mariam,Ridgers,83,Female,CN,16,204,159,45,3,C,193,86,17,4844
204,Stern,Mc Gorley,36,Male,UA,29,859,365,494,5,SG,203,84,38,14385
205,Alisun,Sucre,34,Female,PS,10,749,474,275,3,PG,189,75,11,9794
206,Darill,Franzen,37,Male,SE,18,462,35,427,3,SG,207,73,26,14048
207,Alastair,Staddart,94,Male,PH,8,551,133,418,6,PF,186,67,21,16495
208,Robina,Woolmer,52,Female,PH,20,416,48,368,2,PG,201,69,6,7183
209,Wilfred,Crooke,66,Polygender,PE,27,682,448,234,7,PG,193,72,40,3195
210,Stephi,Goodsal,62,Bigender,BR,36,150,47,103,5,PF,192,62,23,3582
211,Gaylor,Meldon,82,Male,CZ,1,832,432,400,7,C,194,73,22,11117
212,Ida,Sambals,86,Female,BR,21,728,299,429,8,SG,207,82,28,1918
213,Aharon,Beckey,24,Male,CN,19,573,465,108,8,C,198,72,18,16256
214,Reena,Kearns,41,Female,NG,19,263,165,98,3,PG,196,64,31,4371
215,Shelia,Yegorovnin,48,Female,PT,35,564,220,344,4,SF,207,77,21,18829
216,Cheri,Fludder,75,Female,BR,37,487,388,99,4,SG,199,85,16,18704
217,Arni,Winchcombe,69,Male,KE,3,457,440,17,8,SF,191,65,12,13641
218,Moira,Brookes,29,Female,ID,16,353,188,165,6,PG,193,77,4,19191
219,Sauveur,Gravatt,29,Male,CN,2,361,106,255,3,PG,208,79,21,16227
220,Sadye,Timothy,31,Female,US,7,968,495,473,5,SG,199,69,39,3757
221,Valma,Dubarry,85,Female,PE,3,583,432,151,5,C,187,86,24,4557
222,Cyrus,Dunsmore,30,Male,CN,27,742,360,382,4,C,194,62,21,14877
223,Kennith,Dionsetto,51,Male,MD,31,664,171,493,2,PG,194,90,28,19975
224,Jeddy,Mosdill,21,Male,CR,37,881,424,457,9,PF,197,83,8,6212
225,Dorree,Ritmeier,58,Female,AF,4,398,109,289,7,SG,206,83,32,507
226,Van,Martignoni,57,Polygender,CN,15,696,489,207,4,SG,196,77,24,17303
227,Waverly,Stoffler,45,Male,SY,17,514,326,188,5,PG,199,85,29,10741
228,Ingra,Giroldi,24,Male,NL,3,371,90,281,10,PF,200,90,36,8352
229,Akim,Higgoe,91,Male,CN,20,465,338,127,1,SF,207,80,27,2354
230,Tessi,Crocken,99,Female,BE,17,467,463,4,8,SG,201,69,14,16654
231,Beverlie,Beldum,21,Female,CO,7,668,480,188,8,PF,208,71,39,18912
232,Doralyn,Winfindine,28,Female,AR,14,552,324,228,1,PG,201,69,7,14934
233,Minnie,Rangeley,81,Bigender,PT,25,529,154,375,4,C,203,81,4,13876
234,Pru,Beeble,27,Genderqueer,NI,33,436,62,374,2,C,189,60,38,14587
235,Hally,Alcide,72,Bigender,MM,4,196,103,93,2,SF,202,70,29,9169
236,Nil,Corkell,30,Male,JP,12,121,111,10,2,SG,192,71,38,1535
237,Baily,Wanell,21,Male,TH,10,317,260,57,1,PF,199,70,31,5396
238,Maison,Morson,93,Male,CU,39,627,498,129,2,PG,201,62,37,1453
239,Candie,Crinkley,32,Non-binary,CZ,2,765,423,342,2,PF,207,65,26,375
240,Pooh,Johansson,33,Male,ZA,10,643,212,431,7,PF,208,65,4,8253
241,Kile,Dmitrovic,55,Male,NI,20,779,450,329,10,C,202,79,6,12774
242,Carole,Womack,61,Female,PH,17,571,403,168,8,PF,197,63,3,14767
243,Holden,Ayres,88,Male,FR,19,530,92,438,1,PG,204,78,19,10934
244,Gregorio,Rookes,39,Male,PL,40,266,58,208,1,PG,199,60,35,14861
245,Wolfy,Dubery,78,Male,RS,11,592,343,249,1,SG,201,87,11,15601
246,Lonee,Ketteringham,60,Female,RU,35,253,56,197,4,SG,200,88,27,6047
247,Brig,Commucci,46,Male,ID,3,303,185,118,7,PG,210,69,20,11707
248,Darci,Bowell,40,Agender,BH,19,625,406,219,6,PG,209,68,3,19046
249,Karissa,Flegg,45,Female,CN,4,664,191,473,1,SG,189,90,3,16952
250,Cherye,Gilson,86,Female,PL,29,430,308,122,7,PG,208,67,38,18444
251,Kaspar,McGaughie,34,Male,RU,5,474,420,54,6,PF,198,61,17,13438
252,Anny,Vesty,98,Female,MA,38,314,290,24,9,PF,185,81,17,17277
253,Ardisj,Kenward,79,Female,CN,27,908,468,440,2,C,197,84,35,887
254,Arlena,Jecks,25,Female,KG,34,315,75,240,1,C,186,78,18,19783
255,Mariana,Ebbens,84,Female,CN,35,660,343,317,2,PG,203,71,14,12309
256,Halsey,Ajsik,72,Male,PK,17,587,120,467,4,C,189,62,19,11822
257,Husein,Vanetti,31,Male,PH,23,705,402,303,10,PF,199,79,5,201
258,Britney,Rijkeseis,95,Female,CN,11,433,85,348,3,SF,187,66,12,14402
259,Bessy,Jiricka,94,Polygender,RS,14,618,260,358,5,SG,186,84,4,1174
260,Dwight,Castelletto,20,Male,MA,1,325,86,239,1,PF,203,67,15,9709
261,Nelson,Leatt,99,Male,PH,34,588,274,314,9,SF,195,84,21,8798
262,Isabeau,Streak,58,Female,US,3,623,456,167,9,C,194,78,30,18850
263,Janey,Boost,88,Female,CN,21,579,321,258,3,PG,200,68,38,8433
264,Kimbell,Ponter,45,Male,CN,31,445,282,163,5,PG,203,85,2,6254
265,Freemon,Twatt,65,Male,NG,16,631,428,203,1,PF,192,87,13,2596
266,Jed,Kemster,71,Male,LK,10,606,362,244,10,SG,208,76,25,1622
267,Giulia,Perri,38,Female,AM,2,664,444,220,3,C,198,80,15,15920
268,Eugenius,Torbett,76,Male,CZ,6,312,47,265,10,PG,193,67,5,278
269,Charlotte,Brugh,36,Female,RS,20,415,3,412,6,C,200,76,35,11946
270,Jeth,Standbrook,92,Male,CN,38,286,250,36,10,PG,186,71,23,17902
271,Camille,Hasell,74,Female,CN,1,754,451,303,3,SG,189,72,12,16347
272,Haily,Panchen,96,Female,AR,27,721,280,441,9,SG,188,70,29,12941
273,Carleen,Crotch,34,Genderqueer,MK,26,380,183,197,5,C,191,90,39,13277
274,Ashley,Penkethman,39,Female,VN,4,590,378,212,6,SF,188,87,34,17918
275,Estele,Tommasi,72,Female,RU,27,831,395,436,10,SG,203,78,8,12714
276,Bunni,Bridgen,26,Female,ET,34,161,110,51,3,C,194,78,13,2283
277,Cris,Robroe,40,Male,ID,26,562,215,347,7,PG,203,67,35,7221
278,Sam,Flavelle,69,Female,IE,26,576,251,325,6,C,206,87,25,10970
279,Donny,Bellison,92,Female,ID,21,550,128,422,8,SF,189,66,7,8110
280,Hamil,Fawckner,51,Male,CN,21,558,467,91,3,C,192,61,19,2371
281,Lorrayne,Fleg,88,Agender,BR,26,529,95,434,4,C,185,70,4,9027
282,Gilburt,Juhruke,55,Male,PL,24,514,104,410,3,SF,189,75,40,6386
283,Orin,Castledine,77,Male,CN,40,450,446,4,8,PF,206,90,26,8814
284,Lotty,Haycraft,84,Female,PH,18,523,389,134,8,SG,194,89,30,64
285,Deeann,Spores,51,Female,BR,15,663,351,312,10,PG,203,70,29,12730
286,Fletcher,Bloxland,70,Male,IE,34,702,204,498,2,SG,196,84,25,5928
287,Maurizio,Greenall,34,Male,IL,15,675,247,428,7,PG,199,83,34,15952
288,Kalie,Glozman,36,Female,CA,14,688,196,492,7,PG,190,62,40,18974
289,Kacie,Ivashintsov,24,Female,PH,32,467,392,75,8,C,193,82,29,6897
290,Mel,Adshed,79,Female,CN,28,57,1,56,5,PF,192,81,10,9266
291,Jillie,Dryden,64,Genderqueer,CN,12,413,212,201,6,C,194,60,14,6515
292,Hedvige,Tovey,72,Female,SE,6,200,169,31,5,PG,203,78,18,3246
293,Genevieve,Mooreed,51,Female,CN,19,712,450,262,1,SG,204,74,3,19702
294,Rosene,Paolini,42,Female,UG,4,674,205,469,9,C,205,60,9,18812
295,Cosimo,Spridgeon,45,Male,CN,22,762,413,349,1,PF,194,62,24,9865
296,Olympie,Kubala,73,Female,FI,12,842,385,457,3,SG,190,81,37,9013
297,Ernest,Preskett,22,Male,SE,8,510,80,430,6,C,199,90,27,18902
298,Lorant,Vivians,89,Male,ID,33,177,152,25,9,PF,198,64,12,4826
299,Brigham,Ickowics,40,Male,BR,38,444,263,181,4,C,193,71,29,14569
300,Randy,Eckh,31,Female,HN,1,286,142,144,7,PG,192,85,37,14151
301,Flint,Kimblen,81,Male,CN,29,576,322,254,4,C,208,80,28,11194
302,Mano,Dossett,21,Male,ID,37,25,6,19,9,C,201,78,5,28
303,Gregor,Le Maitre,72,Male,CN,14,362,74,288,7,C,209,67,26,14981
304,Jose,Island,69,Male,FR,1,315,36,279,9,PF,199,90,1,14463
305,Alvera,Kender,44,Polygender,CN,25,467,133,334,10,PG,198,77,21,3760
306,Hamilton,Kolodziejski,69,Male,FR,13,361,329,32,6,SG,185,86,33,19590
307,Bennie,Lawful,50,Female,PL,19,557,295,262,9,C,205,75,33,3842
308,Pearl,Athelstan,60,Agender,TH,37,517,425,92,7,SG,202,69,29,13938
309,Tiertza,Tzuker,73,Female,ID,10,307,73,234,9,SF,210,65,15,7887
310,Mordecai,Dinse,99,Male,VN,26,622,339,283,9,SG,186,76,30,8180
311,Dorelle,Arminger,89,Female,CN,30,165,142,23,10,PF,186,63,35,3330
312,Ardys,Giordano,35,Female,PE,30,735,300,435,5,C,196,60,33,15143
313,Michaelina,Hehnke,43,Female,SI,6,751,381,370,8,PG,188,67,39,10886
314,Jobi,Giercke,61,Female,RU,37,611,387,224,2,SG,190,64,2,9815
315,Jacklyn,Larenson,85,Female,ID,33,796,445,351,9,PG,201,85,14,13050
316,Margaux,Slainey,70,Female,ID,2,253,76,177,5,SG,203,73,40,15022
317,Micki,Keary,93,Female,CN,35,494,369,125,6,SF,191,76,25,10865
318,Rriocard,Maddern,51,Male,ID,19,626,368,258,10,SF,197,88,25,16054
319,Jed,Beekman,90,Male,ID,4,354,81,273,1,PF,201,80,11,12727
320,Lacee,Tanswill,65,Female,ID,26,571,303,268,6,PG,186,79,26,10332
321,Jackie,Lytlle,79,Male,GR,10,508,260,248,5,PG,208,83,30,10261
322,Jeddy,Fisher,82,Male,CN,33,721,427,294,2,PG,196,90,5,1013
323,Ashia,Fiddeman,52,Female,CO,7,200,195,5,1,SG,210,84,28,18401
324,Brooks,Sames,91,Female,RU,4,395,186,209,1,PG,208,67,8,13833
325,Emery,Prowting,76,Male,CA,37,232,206,26,9,PF,191,65,22,12828
326,Leesa,O'Lenechan,36,Female,ID,12,303,88,215,3,PG,207,64,25,14599
327,Adelice,Bullier,28,Female,CN,14,920,432,488,10,PF,205,90,32,8659
328,Jobey,Canada,61,Female,ZA,31,348,38,310,5,PF,210,64,31,4994
329,Stanford,McKane,89,Male,CN,18,35,26,9,6,SF,190,62,26,19811
330,Caro,Gallager,91,Female,VE,20,248,203,45,3,SG,187,60,24,15974
331,Nobie,Puttergill,58,Male,PH,32,335,304,31,3,C,187,68,3,13518
332,Anthia,Ferrarin,63,Female,PK,3,754,307,447,5,SF,190,73,35,14127
333,Giana,Puttergill,93,Female,JP,6,827,463,364,10,C,206,63,30,14289
334,Carlota,Van der Veldt,75,Female,CZ,40,356,178,178,6,C,199,83,33,14029
335,Gennie,Matchett,21,Female,HN,11,920,445,475,4,SG,204,61,40,5267
336,Teressa,Rodda,53,Female,AL,18,222,179,43,4,SG,193,66,34,1126
337,Mason,Larderot,100,Male,SE,36,428,224,204,2,SG,199,85,27,7681
338,Lyman,Gordge,52,Male,IR,2,825,418,407,9,C,203,83,29,12963
339,Florie,Scarce,59,Female,CN,35,825,389,436,2,SG,208,81,10,19238
340,Tommy,Woodyear,82,Male,MX,13,128,118,10,10,C,200,74,35,10968
341,Milissent,Runacres,93,Female,AF,28,310,166,144,2,C,187,85,7,16935
342,Read,Geggie,100,Male,TZ,24,523,346,177,9,SG,199,81,29,17486
343,Dulcia,Mereweather,69,Female,CN,14,201,2,199,10,SF,201,87,4,5959
344,Janek,Belmont,23,Male,FI,4,474,396,78,9,PG,189,70,20,10445
345,Maynord,Klampt,57,Male,AZ,33,389,358,31,6,C,190,90,28,18937
346,Alford,Rilings,32,Male,ID,18,293,76,217,2,C,200,88,29,3632
347,Anya,Giacovetti,84,Female,ID,12,695,464,231,2,SF,209,60,38,17011
348,Stefan,Matthaus,41,Male,ID,8,510,226,284,5,PG,195,61,38,15772
349,Bobbee,Beales,95,Female,US,24,644,345,299,6,SF,206,88,39,12442
350,Alva,Keller,43,Male,ID,13,592,283,309,5,PF,209,66,34,9529
351,Otis,Bagguley,21,Male,SE,22,308,80,228,4,SF,196,66,10,18742
352,Alano,Edmand,69,Male,ID,31,566,240,326,7,PF,203,60,27,11653
353,Cathyleen,Nickoles,31,Female,EC,28,519,223,296,9,SF,193,74,22,196
354,Charlean,Crunkhorn,49,Female,PA,8,184,70,114,7,C,194,90,28,16642
355,Kilian,Ateridge,99,Male,SE,29,56,26,30,9,C,197,67,19,7186
356,Jacinta,Nathan,50,Female,JP,38,803,420,383,4,PF,190,75,16,16836
357,Godwin,Sharpless,46,Male,CN,13,338,89,249,2,C,208,85,32,4412
358,Ingrid,Dedrick,41,Female,ID,14,235,49,186,5,PF,190,81,36,4278
359,Conney,Tubridy,85,Male,AR,31,769,440,329,7,SF,210,79,37,3639
360,Verina,O'Boyle,76,Female,FR,15,648,408,240,10,PF,199,64,2,2506
361,Hubie,Cratere,48,Male,BR,27,476,147,329,6,C,190,79,39,9852
362,Hy,Iacovo,23,Male,SI,28,194,141,53,5,SG,200,62,30,6595
363,Tobi,Dulinty,73,Female,FI,33,691,444,247,2,PF,202,81,7,8863
364,Filmore,Horder,89,Male,PH,13,855,356,499,10,SF,192,79,30,10316
365,Skipp,Hedin,54,Bigender,PT,13,607,270,337,4,PF,206,72,1,19364
366,Marabel,Bullier,61,Female,BR,18,828,340,488,5,PG,197,72,1,7123
367,Thomas,Dutteridge,60,Male,UA,40,594,446,148,3,PG,205,72,28,2420
368,Collie,Stiell,60,Female,NG,36,443,208,235,2,SF,190,64,20,3349
369,Etan,Rashleigh,59,Male,BD,7,483,324,159,4,PG,187,62,4,2642
370,Nanci,Stutter,87,Female,PH,35,582,185,397,7,SF,195,90,39,9964
371,Kirby,Tremathick,87,Female,PL,10,475,413,62,5,SF,198,61,35,5664
372,Llewellyn,Alessandone,52,Male,SE,28,811,382,429,5,SF,204,85,33,2165
373,Wilton,Arkell,34,Male,PT,14,454,99,355,3,PF,194,82,37,1808
374,Xenia,Isherwood,38,Female,CN,23,408,160,248,2,PF,197,73,21,4398
375,Elyn,Aspling,78,Female,CN,34,381,364,17,2,C,209,86,11,14946
376,Moise,Patroni,64,Male,ID,14,616,473,143,2,SG,200,67,24,6145
377,Boone,Corragan,51,Genderfluid,MZ,10,696,324,372,8,SF,207,90,31,2325
378,Mady,Giannazzi,46,Female,RU,37,544,446,98,3,SG,210,62,10,11035
379,Mendel,Auchterlony,54,Male,ZA,11,752,419,333,1,PF,210,76,37,5182
380,Gwynne,Bryenton,20,Female,CN,15,683,459,224,7,SF,191,60,29,5148
381,Gay,Aime,33,Male,SY,30,422,393,29,10,SG,188,73,11,14375
382,Carrol,Berney,25,Male,PT,21,513,40,473,5,SG,201,61,34,17309
383,Mayor,Yurikov,80,Male,UA,17,647,432,215,4,PF,201,83,6,12752
384,Adolf,Olivas,68,Agender,CN,9,539,86,453,6,SG,209,74,11,10629
385,Tobias,Braithwait,44,Genderqueer,BR,4,423,115,308,3,SG,210,80,24,14589
386,Cody,Figge,23,Male,CN,25,349,83,266,1,PG,193,78,7,4701
387,Lorianna,Pinar,66,Female,CN,29,378,114,264,8,SG,206,65,7,5407
388,Daryle,Horlick,27,Male,BW,7,725,437,288,9,SF,207,80,15,2916
389,Lay,Normant,59,Male,CO,29,203,113,90,1,SF,204,67,40,10447
390,Malinde,Forst,30,Agender,ID,23,341,30,311,10,C,204,65,5,9008
391,Anya,Farriar,56,Genderqueer,ID,25,794,465,329,4,SF,206,87,5,1941
392,Shaine,Arrigucci,80,Male,NG,18,565,73,492,5,C,198,66,12,16602
393,Tymon,Hawley,97,Male,AL,38,426,48,378,7,PF,198,63,24,7505
394,Jermaine,Hendron,75,Female,CN,4,216,121,95,10,SG,201,90,8,10152
395,Gabriella,Felgate,50,Female,ID,18,404,207,197,7,PF,187,63,26,13774
396,Austen,Eakins,67,Male,KN,10,622,145,477,9,PG,210,61,29,4048
397,Nancy,Curtiss,93,Female,MT,8,684,215,469,2,SG,197,69,1,2794
398,Gibbie,Cuer,62,Male,BD,6,481,462,19,9,PF,191,82,20,13606
399,Gardener,Wharlton,26,Genderqueer,PT,20,206,195,11,9,SF,189,89,23,19581
400,Austin,Donohue,34,Female,CN,1,778,310,468,4,PG,207,85,35,9947
401,Arney,Jancar,71,Male,FR,9,568,147,421,4,PG,204,67,21,4402
402,Berny,Kilfedder,98,Male,BY,5,607,421,186,2,SF,195,89,18,3983
403,Baily,Matussow,58,Genderfluid,CN,16,218,202,16,6,SG,188,72,39,3381
404,Bertram,Penrice,71,Male,PE,26,232,138,94,3,SF,207,61,29,9081
405,Bentley,Golley,57,Male,ID,10,674,254,420,8,PF,209,71,29,10650
406,Tina,Mohring,44,Female,PL,2,412,371,41,10,PF,201,66,29,14963
407,Denver,Davidovich,84,Male,PE,34,620,185,435,1,PF,186,61,39,7897
408,Micki,Dunston,85,Agender,ID,33,370,315,55,10,SG,201,80,11,7206
409,Ivy,Hawton,82,Female,CN,29,501,457,44,7,SF,203,90,32,13052
410,Cheri,Clulee,99,Female,BY,11,636,250,386,9,C,186,73,14,3103
411,Colver,Blondelle,69,Male,BF,40,571,476,95,10,SG,194,65,12,8561
412,Benedetto,Staten,43,Genderqueer,PK,26,303,6,297,1,PF,200,84,20,10266
413,Turner,Beddis,79,Male,CN,37,499,77,422,1,C,209,72,5,2732
414,Cyndy,Dowrey,55,Female,CN,7,633,210,423,1,SG,200,84,36,19993
415,Prince,Handley,97,Male,PT,12,793,384,409,5,SF,203,63,28,9076
416,Brnaby,Trundler,37,Agender,PT,17,396,55,341,2,C,192,61,16,1886
417,Giraud,Torn,37,Male,RU,10,827,481,346,3,PF,186,85,11,17645
418,Darby,Cordingley,73,Polygender,PH,13,802,341,461,9,SF,195,83,36,1544
419,Jock,Frostdick,21,Male,FR,12,440,16,424,5,PF,196,80,34,18577
420,Elvira,Tadlow,28,Genderfluid,FR,18,513,404,109,1,SF,196,63,11,15613
421,Ema,Duckworth,68,Female,CM,13,950,462,488,3,SF,198,85,8,17218
422,Doralynne,Loxly,64,Female,US,36,116,115,1,7,SF,194,88,35,14508
423,Roxana,Daouse,68,Female,KZ,39,279,176,103,7,PF,188,86,25,4401
424,Ximenes,Gallon,48,Male,ID,5,644,367,277,5,C,190,75,19,5417
425,Danika,Balazs,70,Female,CN,29,592,223,369,10,PG,189,82,30,10913
426,Xena,Clampton,41,Female,FR,8,286,171,115,5,C,198,69,14,18398
427,Garwin,Boeter,56,Male,ID,28,713,223,490,8,C,189,72,23,3031
428,Herminia,Davidovics,40,Female,PG,19,595,99,496,5,PG,207,83,36,7151
429,Giacinta,Kordas,41,Female,CN,20,574,169,405,8,PG,210,82,31,9647
430,Aldo,Josland,82,Male,CN,21,864,376,488,2,C,185,74,20,6835
431,Walther,Woolger,57,Agender,PT,9,650,242,408,9,SF,185,63,7,14882
432,Layton,Aristide,58,Male,PH,5,141,86,55,3,PG,194,81,36,15240
433,Agna,Dallender,65,Female,KR,1,396,68,328,8,PF,205,74,9,8726
434,Benson,Crotty,65,Male,RU,19,211,160,51,6,SF,200,62,38,11641
435,Brande,Jayne,22,Female,PK,14,800,397,403,6,C,208,83,8,1498
436,Aubert,Willoway,30,Male,JP,28,95,18,77,7,PF,202,73,25,15757
437,Gleda,Lages,63,Genderqueer,FR,35,332,209,123,10,C,186,66,31,12980
438,Collie,Avramovitz,87,Female,ID,5,708,270,438,9,PG,194,69,37,688
439,Jillene,Bellanger,24,Female,CZ,23,547,201,346,1,C,203,86,4,7151
440,Otho,Scrogges,90,Male,SE,10,346,229,117,6,PG,201,69,37,5729
441,Creight,Plascott,63,Genderqueer,RU,21,665,344,321,7,SF,199,90,26,9145
442,Lind,Sine,27,Male,FR,37,869,399,470,10,C,210,87,35,17354
443,Leanor,Minchinton,75,Female,PL,26,506,453,53,5,SF,207,83,8,14140
444,Filbert,Barzen,76,Male,CN,26,879,441,438,10,PF,197,80,40,5864
445,Gene,Bankhurst,75,Female,CN,19,544,149,395,9,C,194,81,13,16021
446,Thedrick,Doggart,74,Male,SE,40,629,178,451,10,SG,208,77,7,15990
447,Denni,Tidbald,54,Female,PH,20,690,448,242,9,PF,206,63,14,2940
448,Kalila,Verna,50,Female,MV,11,574,360,214,6,PG,196,75,17,2190
449,Barde,Lahy,86,Male,RU,28,294,8,286,2,PG,202,65,17,1464
450,Carlina,Bloschke,49,Female,CV,25,698,224,474,9,SF,203,68,10,16857
451,Myca,Leupoldt,24,Male,BR,32,724,258,466,5,SG,210,73,40,17605
452,Victor,Kenafaque,67,Male,CN,16,508,483,25,4,SF,203,62,31,18498
453,Chantal,Bowser,58,Female,SA,39,196,164,32,2,C,193,61,16,11489
454,Tiebold,Arnholdt,36,Male,JP,15,532,453,79,1,C,196,74,24,8663
455,Courtney,Mc Menamin,48,Agender,ID,20,530,260,270,4,SG,210,90,20,5570
456,Jan,Conboy,64,Male,CN,21,551,189,362,4,SG,197,64,36,8647
457,Korney,Verman,32,Female,CN,17,593,327,266,8,PF,201,86,11,5663
458,Gerhardt,Rearie,40,Male,BF,25,140,86,54,5,SF,194,85,32,17614
459,Zane,Tailour,24,Male,US,11,520,71,449,2,PG,188,72,22,9385
460,Judon,Vedenyakin,96,Male,MZ,12,501,375,126,6,C,194,90,14,3443
461,Decca,Wildes,37,Male,CM,38,148,106,42,10,PF,210,61,15,7990
462,Bucky,Dashkov,84,Male,CN,37,271,19,252,5,PF,193,61,25,7010
463,Melisse,Lasty,82,Female,RU,6,880,427,453,9,SG,185,85,30,6510
464,Matelda,Sallings,69,Female,PH,32,131,2,129,5,PG,201,73,19,16482
465,Baxy,Curds,39,Non-binary,UA,34,515,24,491,10,SG,188,79,29,1886
466,Hurlee,Trewin,68,Male,GT,39,676,374,302,1,SF,189,65,8,5630
467,Ethelda,Hyams,20,Non-binary,RU,18,535,484,51,1,C,187,83,10,5333
468,Avigdor,Hamelyn,90,Genderfluid,PE,17,305,64,241,1,C,197,89,15,11758
469,Woody,Rouff,22,Male,CN,37,889,452,437,5,C,192,90,36,2108
470,Elfreda,Rowlstone,26,Female,CN,6,691,478,213,10,SG,187,60,19,15465
471,Ario,Boller,37,Male,PH,17,803,498,305,6,PG,190,72,7,16856
472,Fred,Notley,93,Male,CN,19,549,180,369,7,PF,186,66,32,2158
473,Johnny,Mapam,79,Male,CA,13,465,359,106,2,PG,186,66,37,11321
474,Joanie,Halfhide,54,Bigender,PH,38,448,68,380,8,SF,206,78,8,2460
475,Daloris,Adamczewski,86,Female,PL,32,628,138,490,4,PG,197,66,9,9439
476,Whitney,Kenright,57,Female,PH,29,716,225,491,3,SF,196,80,1,16385
477,Benoite,Copcote,49,Female,LR,5,559,172,387,10,SG,197,75,24,15288
478,Davidson,Colhoun,42,Male,HN,21,428,168,260,8,SG,189,62,22,248
479,Ernest,Nottram,68,Genderfluid,ID,13,206,78,128,1,C,194,71,13,4854
480,Sigrid,Rekes,22,Female,GH,6,426,196,230,9,PG,186,71,19,7637
481,Junette,Cottem,78,Female,CN,16,663,469,194,9,C,200,76,23,6496
482,Sloane,Speak,45,Male,EC,35,658,487,171,10,PG,198,68,28,7714
483,Krysta,Ormrod,93,Female,HN,2,380,150,230,6,PG,186,72,33,14023
484,Urson,Mudie,40,Male,BR,10,537,458,79,6,PG,206,76,13,10897
485,Phillipp,Hearse,30,Male,RU,29,482,271,211,4,C,192,73,25,5304
486,Rosalinde,Lennon,100,Female,TH,23,464,151,313,4,PG,191,83,16,1354
487,Cullie,Yeomans,90,Male,SE,4,304,189,115,3,C,207,82,1,17617
488,Gerianna,McPhee,60,Female,US,22,319,11,308,10,SG,202,61,40,11913
489,Shalom,Gettins,35,Male,PE,34,628,222,406,8,SG,196,67,13,6455
490,Katha,Tebbe,68,Female,PL,26,123,43,80,6,PG,190,85,32,2559
491,Gerianne,Millsom,90,Female,PH,8,466,160,306,8,SG,210,82,20,11482
492,Cori,Linkie,98,Male,CZ,32,174,163,11,2,SF,187,72,8,8009
493,Remington,Bonicelli,79,Male,CN,3,556,153,403,4,C,195,74,28,8906
494,Cos,Benam,30,Male,PL,23,222,130,92,9,PF,191,69,18,10266
495,Rockey,Naton,29,Male,GT,20,823,423,400,5,PG,188,68,23,14643
496,Carin,Cortnay,88,Female,ID,6,624,210,414,3,PG,198,67,40,1888
497,Rhodie,Libermore,78,Female,CN,4,451,376,75,6,PF,208,78,36,15976
498,Rosabella,Deme,79,Female,AL,32,536,149,387,7,PG,186,74,40,2127
499,Alberto,Wanka,95,Male,NL,25,678,442,236,4,SF,200,65,39,383
500,Jarred,Priestnall,89,Male,CN,22,890,400,490,8,SF,190,75,26,19042
